PRAGMA foreign_keys=OFF;
BEGIN TRANSACTION;
CREATE TABLE IF NOT EXISTS "django_migrations" ("id" integer NOT NULL PRIMARY KEY AUTOINCREMENT, "app" varchar(255) NOT NULL, "name" varchar(255) NOT NULL, "applied" datetime NOT NULL);
INSERT INTO django_migrations VALUES(1,'contenttypes','0001_initial','2023-07-26 19:44:02.883970');
INSERT INTO django_migrations VALUES(2,'contenttypes','0002_remove_content_type_name','2023-07-26 19:44:02.888810');
INSERT INTO django_migrations VALUES(3,'auth','0001_initial','2023-07-26 19:44:02.893524');
INSERT INTO django_migrations VALUES(4,'auth','0002_alter_permission_name_max_length','2023-07-26 19:44:02.897721');
INSERT INTO django_migrations VALUES(5,'auth','0003_alter_user_email_max_length','2023-07-26 19:44:02.900482');
INSERT INTO django_migrations VALUES(6,'auth','0004_alter_user_username_opts','2023-07-26 19:44:02.903104');
INSERT INTO django_migrations VALUES(7,'auth','0005_alter_user_last_login_null','2023-07-26 19:44:02.906029');
INSERT INTO django_migrations VALUES(8,'auth','0006_require_contenttypes_0002','2023-07-26 19:44:02.907460');
INSERT INTO django_migrations VALUES(9,'auth','0007_alter_validators_add_error_messages','2023-07-26 19:44:02.911458');
INSERT INTO django_migrations VALUES(10,'auth','0008_alter_user_username_max_length','2023-07-26 19:44:02.914463');
INSERT INTO django_migrations VALUES(11,'auth','0009_alter_user_last_name_max_length','2023-07-26 19:44:02.917442');
INSERT INTO django_migrations VALUES(12,'auth','0010_alter_group_name_max_length','2023-07-26 19:44:02.921794');
INSERT INTO django_migrations VALUES(13,'auth','0011_update_proxy_permissions','2023-07-26 19:44:02.924853');
INSERT INTO django_migrations VALUES(14,'users','0001_initial','2023-07-26 19:44:02.929444');
INSERT INTO django_migrations VALUES(15,'admin','0001_initial','2023-07-26 19:44:02.934449');
INSERT INTO django_migrations VALUES(16,'admin','0002_logentry_remove_auto_add','2023-07-26 19:44:02.940583');
INSERT INTO django_migrations VALUES(17,'admin','0003_logentry_add_action_flag_choices','2023-07-26 19:44:02.946805');
INSERT INTO django_migrations VALUES(18,'sessions','0001_initial','2023-07-26 19:44:02.949746');
INSERT INTO django_migrations VALUES(19,'users','0002_bet','2023-08-01 17:08:23.132595');
INSERT INTO django_migrations VALUES(20,'users','0003_auto_20230803_1647','2023-08-08 14:41:47.689337');
INSERT INTO django_migrations VALUES(21,'users','0004_auto_20230808_1552','2023-08-08 14:41:47.711226');
INSERT INTO django_migrations VALUES(22,'users','0005_auto_20230816_2224','2023-08-16 20:24:17.926700');
INSERT INTO django_migrations VALUES(23,'users','0006_auto_20230821_1756','2023-08-21 15:56:35.116500');
INSERT INTO django_migrations VALUES(24,'users','0007_remove_match_result','2023-08-21 15:57:11.480005');
INSERT INTO django_migrations VALUES(25,'users','0008_team','2023-08-23 16:40:42.964769');
INSERT INTO django_migrations VALUES(26,'users','0009_auto_20230823_1843','2023-08-23 16:44:31.201334');
INSERT INTO django_migrations VALUES(27,'users','0010_delete_team','2023-08-23 16:44:31.202817');
INSERT INTO django_migrations VALUES(28,'users','0011_team','2023-08-23 16:44:49.491281');
INSERT INTO django_migrations VALUES(29,'users','0012_auto_20230823_1846','2023-08-23 16:48:52.586923');
INSERT INTO django_migrations VALUES(30,'users','0013_customuser_favorite_team','2023-08-24 16:11:12.414705');
INSERT INTO django_migrations VALUES(31,'users','0014_team_short_name','2023-08-26 16:31:39.136510');
INSERT INTO django_migrations VALUES(32,'users','0015_remove_customuser_age','2023-08-30 16:37:38.805035');
INSERT INTO django_migrations VALUES(33,'users','0016_auto_20230830_1650','2023-08-30 16:50:49.577446');
CREATE TABLE IF NOT EXISTS "django_content_type" ("id" integer NOT NULL PRIMARY KEY AUTOINCREMENT, "app_label" varchar(100) NOT NULL, "model" varchar(100) NOT NULL);
INSERT INTO django_content_type VALUES(1,'admin','logentry');
INSERT INTO django_content_type VALUES(2,'auth','permission');
INSERT INTO django_content_type VALUES(3,'auth','group');
INSERT INTO django_content_type VALUES(4,'contenttypes','contenttype');
INSERT INTO django_content_type VALUES(5,'sessions','session');
INSERT INTO django_content_type VALUES(6,'users','match');
INSERT INTO django_content_type VALUES(7,'users','customuser');
INSERT INTO django_content_type VALUES(8,'users','bet');
INSERT INTO django_content_type VALUES(9,'users','team');
CREATE TABLE IF NOT EXISTS "auth_group_permissions" ("id" integer NOT NULL PRIMARY KEY AUTOINCREMENT, "group_id" integer NOT NULL REFERENCES "auth_group" ("id") DEFERRABLE INITIALLY DEFERRED, "permission_id" integer NOT NULL REFERENCES "auth_permission" ("id") DEFERRABLE INITIALLY DEFERRED);
CREATE TABLE IF NOT EXISTS "auth_permission" ("id" integer NOT NULL PRIMARY KEY AUTOINCREMENT, "content_type_id" integer NOT NULL REFERENCES "django_content_type" ("id") DEFERRABLE INITIALLY DEFERRED, "codename" varchar(100) NOT NULL, "name" varchar(255) NOT NULL);
INSERT INTO auth_permission VALUES(1,1,'add_logentry','Can add log entry');
INSERT INTO auth_permission VALUES(2,1,'change_logentry','Can change log entry');
INSERT INTO auth_permission VALUES(3,1,'delete_logentry','Can delete log entry');
INSERT INTO auth_permission VALUES(4,1,'view_logentry','Can view log entry');
INSERT INTO auth_permission VALUES(5,2,'add_permission','Can add permission');
INSERT INTO auth_permission VALUES(6,2,'change_permission','Can change permission');
INSERT INTO auth_permission VALUES(7,2,'delete_permission','Can delete permission');
INSERT INTO auth_permission VALUES(8,2,'view_permission','Can view permission');
INSERT INTO auth_permission VALUES(9,3,'add_group','Can add group');
INSERT INTO auth_permission VALUES(10,3,'change_group','Can change group');
INSERT INTO auth_permission VALUES(11,3,'delete_group','Can delete group');
INSERT INTO auth_permission VALUES(12,3,'view_group','Can view group');
INSERT INTO auth_permission VALUES(13,4,'add_contenttype','Can add content type');
INSERT INTO auth_permission VALUES(14,4,'change_contenttype','Can change content type');
INSERT INTO auth_permission VALUES(15,4,'delete_contenttype','Can delete content type');
INSERT INTO auth_permission VALUES(16,4,'view_contenttype','Can view content type');
INSERT INTO auth_permission VALUES(17,5,'add_session','Can add session');
INSERT INTO auth_permission VALUES(18,5,'change_session','Can change session');
INSERT INTO auth_permission VALUES(19,5,'delete_session','Can delete session');
INSERT INTO auth_permission VALUES(20,5,'view_session','Can view session');
INSERT INTO auth_permission VALUES(21,6,'add_schedule','Can add schedule');
INSERT INTO auth_permission VALUES(22,6,'change_schedule','Can change schedule');
INSERT INTO auth_permission VALUES(23,6,'delete_schedule','Can delete schedule');
INSERT INTO auth_permission VALUES(24,6,'view_schedule','Can view schedule');
INSERT INTO auth_permission VALUES(25,7,'add_customuser','Can add user');
INSERT INTO auth_permission VALUES(26,7,'change_customuser','Can change user');
INSERT INTO auth_permission VALUES(27,7,'delete_customuser','Can delete user');
INSERT INTO auth_permission VALUES(28,7,'view_customuser','Can view user');
INSERT INTO auth_permission VALUES(29,8,'add_bet','Can add bet');
INSERT INTO auth_permission VALUES(30,8,'change_bet','Can change bet');
INSERT INTO auth_permission VALUES(31,8,'delete_bet','Can delete bet');
INSERT INTO auth_permission VALUES(32,8,'view_bet','Can view bet');
INSERT INTO auth_permission VALUES(33,6,'add_match','Can add match');
INSERT INTO auth_permission VALUES(34,6,'change_match','Can change match');
INSERT INTO auth_permission VALUES(35,6,'delete_match','Can delete match');
INSERT INTO auth_permission VALUES(36,6,'view_match','Can view match');
INSERT INTO auth_permission VALUES(37,9,'add_team','Can add team');
INSERT INTO auth_permission VALUES(38,9,'change_team','Can change team');
INSERT INTO auth_permission VALUES(39,9,'delete_team','Can delete team');
INSERT INTO auth_permission VALUES(40,9,'view_team','Can view team');
CREATE TABLE IF NOT EXISTS "auth_group" ("id" integer NOT NULL PRIMARY KEY AUTOINCREMENT, "name" varchar(150) NOT NULL UNIQUE);
CREATE TABLE IF NOT EXISTS "users_customuser_groups" ("id" integer NOT NULL PRIMARY KEY AUTOINCREMENT, "customuser_id" integer NOT NULL REFERENCES "users_customuser" ("id") DEFERRABLE INITIALLY DEFERRED, "group_id" integer NOT NULL REFERENCES "auth_group" ("id") DEFERRABLE INITIALLY DEFERRED);
CREATE TABLE IF NOT EXISTS "users_customuser_user_permissions" ("id" integer NOT NULL PRIMARY KEY AUTOINCREMENT, "customuser_id" integer NOT NULL REFERENCES "users_customuser" ("id") DEFERRABLE INITIALLY DEFERRED, "permission_id" integer NOT NULL REFERENCES "auth_permission" ("id") DEFERRABLE INITIALLY DEFERRED);
CREATE TABLE IF NOT EXISTS "django_admin_log" ("id" integer NOT NULL PRIMARY KEY AUTOINCREMENT, "action_time" datetime NOT NULL, "object_id" text NULL, "object_repr" varchar(200) NOT NULL, "change_message" text NOT NULL, "content_type_id" integer NULL REFERENCES "django_content_type" ("id") DEFERRABLE INITIALLY DEFERRED, "user_id" integer NOT NULL REFERENCES "users_customuser" ("id") DEFERRABLE INITIALLY DEFERRED, "action_flag" smallint unsigned NOT NULL CHECK ("action_flag" >= 0));
INSERT INTO django_admin_log VALUES(1,'2023-08-22 18:22:59.480692','1','alexander','',7,3,3);
INSERT INTO django_admin_log VALUES(2,'2023-08-30 20:16:06.628537','4','last-test','',7,3,3);
INSERT INTO django_admin_log VALUES(3,'2023-08-30 20:16:06.629839','2','test-user123','',7,3,3);
CREATE TABLE IF NOT EXISTS "django_session" ("session_key" varchar(40) NOT NULL PRIMARY KEY, "session_data" text NOT NULL, "expire_date" datetime NOT NULL);
INSERT INTO django_session VALUES('ha41n62cczcdjngqywsxby8qd4rmr83c','NjVhMmY4MzVhNDYwMzUxOGFhODdiNDk3NGY2MTcwMWYxNjhiMDA1Mjp7Il9hdXRoX3VzZXJfaWQiOiIzIiwiX2F1dGhfdXNlcl9iYWNrZW5kIjoiZGphbmdvLmNvbnRyaWIuYXV0aC5iYWNrZW5kcy5Nb2RlbEJhY2tlbmQiLCJfYXV0aF91c2VyX2hhc2giOiJiYjg5NTkzMWRkYTQ3Y2JlZDc0NmEzZDUzMWIyNjEwZDkxYjQxM2Q4In0=','2023-09-05 18:57:47.003056');
INSERT INTO django_session VALUES('uabpk383bnmkvtn8qdei8e96vojvy3mp','NjVhMmY4MzVhNDYwMzUxOGFhODdiNDk3NGY2MTcwMWYxNjhiMDA1Mjp7Il9hdXRoX3VzZXJfaWQiOiIzIiwiX2F1dGhfdXNlcl9iYWNrZW5kIjoiZGphbmdvLmNvbnRyaWIuYXV0aC5iYWNrZW5kcy5Nb2RlbEJhY2tlbmQiLCJfYXV0aF91c2VyX2hhc2giOiJiYjg5NTkzMWRkYTQ3Y2JlZDc0NmEzZDUzMWIyNjEwZDkxYjQxM2Q4In0=','2023-09-07 11:57:00.143107');
INSERT INTO django_session VALUES('04ip7kwr221myrv9ims44vs0bf65gned','NjVhMmY4MzVhNDYwMzUxOGFhODdiNDk3NGY2MTcwMWYxNjhiMDA1Mjp7Il9hdXRoX3VzZXJfaWQiOiIzIiwiX2F1dGhfdXNlcl9iYWNrZW5kIjoiZGphbmdvLmNvbnRyaWIuYXV0aC5iYWNrZW5kcy5Nb2RlbEJhY2tlbmQiLCJfYXV0aF91c2VyX2hhc2giOiJiYjg5NTkzMWRkYTQ3Y2JlZDc0NmEzZDUzMWIyNjEwZDkxYjQxM2Q4In0=','2023-09-07 16:11:32.860425');
INSERT INTO django_session VALUES('p0zc7zq786m3j3qj6j2ext0cocs7c4oq','NjVhMmY4MzVhNDYwMzUxOGFhODdiNDk3NGY2MTcwMWYxNjhiMDA1Mjp7Il9hdXRoX3VzZXJfaWQiOiIzIiwiX2F1dGhfdXNlcl9iYWNrZW5kIjoiZGphbmdvLmNvbnRyaWIuYXV0aC5iYWNrZW5kcy5Nb2RlbEJhY2tlbmQiLCJfYXV0aF91c2VyX2hhc2giOiJiYjg5NTkzMWRkYTQ3Y2JlZDc0NmEzZDUzMWIyNjEwZDkxYjQxM2Q4In0=','2023-09-13 20:15:14.083982');
CREATE TABLE IF NOT EXISTS "users_bet" ("id" integer NOT NULL PRIMARY KEY AUTOINCREMENT, "match_id" integer NOT NULL REFERENCES "users_match" ("match_number") DEFERRABLE INITIALLY DEFERRED, "user_id" integer NOT NULL REFERENCES "users_customuser" ("id") DEFERRABLE INITIALLY DEFERRED, "predicted_away_score" integer unsigned NOT NULL CHECK ("predicted_away_score" >= 0), "predicted_home_score" integer unsigned NOT NULL CHECK ("predicted_home_score" >= 0), "points" integer NOT NULL);
INSERT INTO users_bet VALUES(274,16,3,0,0,0);
INSERT INTO users_bet VALUES(275,8,3,0,0,0);
INSERT INTO users_bet VALUES(276,9,3,0,0,0);
INSERT INTO users_bet VALUES(277,10,3,0,0,0);
INSERT INTO users_bet VALUES(278,11,3,0,0,0);
INSERT INTO users_bet VALUES(279,12,3,0,0,0);
INSERT INTO users_bet VALUES(280,13,3,0,0,0);
INSERT INTO users_bet VALUES(281,14,3,0,0,0);
INSERT INTO users_bet VALUES(282,15,3,0,0,0);
INSERT INTO users_bet VALUES(283,3,3,0,0,0);
INSERT INTO users_bet VALUES(284,4,3,0,0,0);
INSERT INTO users_bet VALUES(285,5,3,0,0,0);
INSERT INTO users_bet VALUES(286,6,3,0,0,0);
INSERT INTO users_bet VALUES(287,7,3,0,0,0);
INSERT INTO users_bet VALUES(288,2,3,0,0,0);
INSERT INTO users_bet VALUES(289,1,3,0,0,0);
INSERT INTO users_bet VALUES(290,32,3,0,0,0);
INSERT INTO users_bet VALUES(291,24,3,0,0,0);
INSERT INTO users_bet VALUES(292,25,3,0,0,0);
INSERT INTO users_bet VALUES(293,26,3,0,0,0);
INSERT INTO users_bet VALUES(294,27,3,0,0,0);
INSERT INTO users_bet VALUES(295,28,3,0,0,0);
INSERT INTO users_bet VALUES(296,29,3,0,0,0);
INSERT INTO users_bet VALUES(297,30,3,0,0,0);
INSERT INTO users_bet VALUES(298,31,3,0,0,0);
INSERT INTO users_bet VALUES(299,22,3,0,0,0);
INSERT INTO users_bet VALUES(300,23,3,0,0,0);
INSERT INTO users_bet VALUES(301,20,3,0,0,0);
INSERT INTO users_bet VALUES(302,21,3,0,0,0);
INSERT INTO users_bet VALUES(303,19,3,0,0,0);
INSERT INTO users_bet VALUES(304,18,3,0,0,0);
INSERT INTO users_bet VALUES(305,17,3,0,0,0);
INSERT INTO users_bet VALUES(306,48,3,0,0,0);
INSERT INTO users_bet VALUES(307,39,3,0,0,0);
INSERT INTO users_bet VALUES(308,40,3,0,0,0);
INSERT INTO users_bet VALUES(309,41,3,0,0,0);
INSERT INTO users_bet VALUES(310,42,3,0,0,0);
INSERT INTO users_bet VALUES(311,43,3,0,0,0);
INSERT INTO users_bet VALUES(312,44,3,0,0,0);
INSERT INTO users_bet VALUES(313,45,3,0,0,0);
INSERT INTO users_bet VALUES(314,46,3,0,0,0);
INSERT INTO users_bet VALUES(315,47,3,0,0,0);
INSERT INTO users_bet VALUES(316,38,3,0,0,0);
INSERT INTO users_bet VALUES(317,36,3,0,0,0);
INSERT INTO users_bet VALUES(318,37,3,0,0,0);
INSERT INTO users_bet VALUES(319,35,3,0,0,0);
INSERT INTO users_bet VALUES(320,34,3,0,0,0);
INSERT INTO users_bet VALUES(321,33,3,0,0,0);
INSERT INTO users_bet VALUES(322,64,3,0,0,0);
INSERT INTO users_bet VALUES(323,63,3,0,0,0);
INSERT INTO users_bet VALUES(324,54,3,0,0,0);
INSERT INTO users_bet VALUES(325,55,3,0,0,0);
INSERT INTO users_bet VALUES(326,56,3,0,0,0);
INSERT INTO users_bet VALUES(327,57,3,0,0,0);
INSERT INTO users_bet VALUES(328,58,3,0,0,0);
INSERT INTO users_bet VALUES(329,59,3,0,0,0);
INSERT INTO users_bet VALUES(330,60,3,0,0,0);
INSERT INTO users_bet VALUES(331,61,3,0,0,0);
INSERT INTO users_bet VALUES(332,62,3,0,0,0);
INSERT INTO users_bet VALUES(333,53,3,0,0,0);
INSERT INTO users_bet VALUES(334,51,3,0,0,0);
INSERT INTO users_bet VALUES(335,52,3,0,0,0);
INSERT INTO users_bet VALUES(336,50,3,0,0,0);
INSERT INTO users_bet VALUES(337,49,3,0,0,0);
INSERT INTO users_bet VALUES(338,78,3,0,0,0);
INSERT INTO users_bet VALUES(339,77,3,0,0,0);
INSERT INTO users_bet VALUES(340,71,3,0,0,0);
INSERT INTO users_bet VALUES(341,72,3,0,0,0);
INSERT INTO users_bet VALUES(342,73,3,0,0,0);
INSERT INTO users_bet VALUES(343,74,3,0,0,0);
INSERT INTO users_bet VALUES(344,75,3,0,0,0);
INSERT INTO users_bet VALUES(345,76,3,0,0,0);
INSERT INTO users_bet VALUES(346,69,3,0,0,0);
INSERT INTO users_bet VALUES(347,70,3,0,0,0);
INSERT INTO users_bet VALUES(348,67,3,0,0,0);
INSERT INTO users_bet VALUES(349,68,3,0,0,0);
INSERT INTO users_bet VALUES(350,66,3,0,0,0);
INSERT INTO users_bet VALUES(351,65,3,0,0,0);
INSERT INTO users_bet VALUES(352,93,3,0,0,0);
INSERT INTO users_bet VALUES(353,92,3,0,0,0);
INSERT INTO users_bet VALUES(354,84,3,0,0,0);
INSERT INTO users_bet VALUES(355,85,3,0,0,0);
INSERT INTO users_bet VALUES(356,86,3,0,0,0);
INSERT INTO users_bet VALUES(357,87,3,0,0,0);
INSERT INTO users_bet VALUES(358,88,3,0,0,0);
INSERT INTO users_bet VALUES(359,89,3,0,0,0);
INSERT INTO users_bet VALUES(360,90,3,0,0,0);
INSERT INTO users_bet VALUES(361,91,3,0,0,0);
INSERT INTO users_bet VALUES(362,83,3,0,0,0);
INSERT INTO users_bet VALUES(363,81,3,0,0,0);
INSERT INTO users_bet VALUES(364,82,3,0,0,0);
INSERT INTO users_bet VALUES(365,80,3,0,0,0);
INSERT INTO users_bet VALUES(366,79,3,0,0,0);
INSERT INTO users_bet VALUES(367,106,3,0,0,0);
INSERT INTO users_bet VALUES(368,100,3,0,0,0);
INSERT INTO users_bet VALUES(369,101,3,0,0,0);
INSERT INTO users_bet VALUES(370,102,3,0,0,0);
INSERT INTO users_bet VALUES(371,103,3,0,0,0);
INSERT INTO users_bet VALUES(372,104,3,0,0,0);
INSERT INTO users_bet VALUES(373,105,3,0,0,0);
INSERT INTO users_bet VALUES(374,98,3,0,0,0);
INSERT INTO users_bet VALUES(375,99,3,0,0,0);
INSERT INTO users_bet VALUES(376,96,3,0,0,0);
INSERT INTO users_bet VALUES(377,97,3,0,0,0);
INSERT INTO users_bet VALUES(378,95,3,0,0,0);
INSERT INTO users_bet VALUES(379,94,3,0,0,0);
INSERT INTO users_bet VALUES(380,122,3,0,0,0);
INSERT INTO users_bet VALUES(381,113,3,0,0,0);
INSERT INTO users_bet VALUES(382,114,3,0,0,0);
INSERT INTO users_bet VALUES(383,115,3,0,0,0);
INSERT INTO users_bet VALUES(384,116,3,0,0,0);
INSERT INTO users_bet VALUES(385,117,3,0,0,0);
INSERT INTO users_bet VALUES(386,118,3,0,0,0);
INSERT INTO users_bet VALUES(387,119,3,0,0,0);
INSERT INTO users_bet VALUES(388,120,3,0,0,0);
INSERT INTO users_bet VALUES(389,121,3,0,0,0);
INSERT INTO users_bet VALUES(390,112,3,0,0,0);
INSERT INTO users_bet VALUES(391,109,3,0,0,0);
INSERT INTO users_bet VALUES(392,110,3,0,0,0);
INSERT INTO users_bet VALUES(393,111,3,0,0,0);
INSERT INTO users_bet VALUES(394,108,3,0,0,0);
INSERT INTO users_bet VALUES(395,107,3,0,0,0);
INSERT INTO users_bet VALUES(396,136,3,0,0,0);
INSERT INTO users_bet VALUES(397,135,3,0,0,0);
INSERT INTO users_bet VALUES(398,128,3,0,0,0);
INSERT INTO users_bet VALUES(399,129,3,0,0,0);
INSERT INTO users_bet VALUES(400,130,3,0,0,0);
INSERT INTO users_bet VALUES(401,131,3,0,0,0);
INSERT INTO users_bet VALUES(402,132,3,0,0,0);
INSERT INTO users_bet VALUES(403,133,3,0,0,0);
INSERT INTO users_bet VALUES(404,134,3,0,0,0);
INSERT INTO users_bet VALUES(405,127,3,0,0,0);
INSERT INTO users_bet VALUES(406,125,3,0,0,0);
INSERT INTO users_bet VALUES(407,126,3,0,0,0);
INSERT INTO users_bet VALUES(408,124,3,0,0,0);
INSERT INTO users_bet VALUES(409,123,3,0,0,0);
INSERT INTO users_bet VALUES(410,150,3,0,0,0);
INSERT INTO users_bet VALUES(411,149,3,0,0,0);
INSERT INTO users_bet VALUES(412,143,3,0,0,0);
INSERT INTO users_bet VALUES(413,144,3,0,0,0);
INSERT INTO users_bet VALUES(414,145,3,0,0,0);
INSERT INTO users_bet VALUES(415,146,3,0,0,0);
INSERT INTO users_bet VALUES(416,147,3,0,0,0);
INSERT INTO users_bet VALUES(417,148,3,0,0,0);
INSERT INTO users_bet VALUES(418,141,3,0,0,0);
INSERT INTO users_bet VALUES(419,142,3,0,0,0);
INSERT INTO users_bet VALUES(420,139,3,0,0,0);
INSERT INTO users_bet VALUES(421,140,3,0,0,0);
INSERT INTO users_bet VALUES(422,138,3,0,0,0);
INSERT INTO users_bet VALUES(423,137,3,0,0,0);
INSERT INTO users_bet VALUES(424,164,3,0,0,0);
INSERT INTO users_bet VALUES(425,156,3,0,0,0);
INSERT INTO users_bet VALUES(426,157,3,0,0,0);
INSERT INTO users_bet VALUES(427,158,3,0,0,0);
INSERT INTO users_bet VALUES(428,159,3,0,0,0);
INSERT INTO users_bet VALUES(429,160,3,0,0,0);
INSERT INTO users_bet VALUES(430,161,3,0,0,0);
INSERT INTO users_bet VALUES(431,162,3,0,0,0);
INSERT INTO users_bet VALUES(432,163,3,0,0,0);
INSERT INTO users_bet VALUES(433,155,3,0,0,0);
INSERT INTO users_bet VALUES(434,153,3,0,0,0);
INSERT INTO users_bet VALUES(435,154,3,0,0,0);
INSERT INTO users_bet VALUES(436,152,3,0,0,0);
INSERT INTO users_bet VALUES(437,151,3,0,0,0);
INSERT INTO users_bet VALUES(438,180,3,0,0,0);
INSERT INTO users_bet VALUES(439,179,3,0,0,0);
INSERT INTO users_bet VALUES(440,178,3,0,0,0);
INSERT INTO users_bet VALUES(441,177,3,0,0,0);
INSERT INTO users_bet VALUES(442,171,3,0,0,0);
INSERT INTO users_bet VALUES(443,172,3,0,0,0);
INSERT INTO users_bet VALUES(444,173,3,0,0,0);
INSERT INTO users_bet VALUES(445,174,3,0,0,0);
INSERT INTO users_bet VALUES(446,175,3,0,0,0);
INSERT INTO users_bet VALUES(447,176,3,0,0,0);
INSERT INTO users_bet VALUES(448,169,3,0,0,0);
INSERT INTO users_bet VALUES(449,170,3,0,0,0);
INSERT INTO users_bet VALUES(450,167,3,0,0,0);
INSERT INTO users_bet VALUES(451,168,3,0,0,0);
INSERT INTO users_bet VALUES(452,166,3,0,0,0);
INSERT INTO users_bet VALUES(453,165,3,0,0,0);
INSERT INTO users_bet VALUES(454,193,3,0,0,0);
INSERT INTO users_bet VALUES(455,186,3,0,0,0);
INSERT INTO users_bet VALUES(456,187,3,0,0,0);
INSERT INTO users_bet VALUES(457,188,3,0,0,0);
INSERT INTO users_bet VALUES(458,189,3,0,0,0);
INSERT INTO users_bet VALUES(459,190,3,0,0,0);
INSERT INTO users_bet VALUES(460,191,3,0,0,0);
INSERT INTO users_bet VALUES(461,192,3,0,0,0);
INSERT INTO users_bet VALUES(462,185,3,0,0,0);
INSERT INTO users_bet VALUES(463,183,3,0,0,0);
INSERT INTO users_bet VALUES(464,184,3,0,0,0);
INSERT INTO users_bet VALUES(465,182,3,0,0,0);
INSERT INTO users_bet VALUES(466,181,3,0,0,0);
INSERT INTO users_bet VALUES(467,208,3,0,0,0);
INSERT INTO users_bet VALUES(468,201,3,0,0,0);
INSERT INTO users_bet VALUES(469,202,3,0,0,0);
INSERT INTO users_bet VALUES(470,203,3,0,0,0);
INSERT INTO users_bet VALUES(471,204,3,0,0,0);
INSERT INTO users_bet VALUES(472,205,3,0,0,0);
INSERT INTO users_bet VALUES(473,206,3,0,0,0);
INSERT INTO users_bet VALUES(474,207,3,0,0,0);
INSERT INTO users_bet VALUES(475,199,3,0,0,0);
INSERT INTO users_bet VALUES(476,200,3,0,0,0);
INSERT INTO users_bet VALUES(477,197,3,0,0,0);
INSERT INTO users_bet VALUES(478,198,3,0,0,0);
INSERT INTO users_bet VALUES(479,196,3,0,0,0);
INSERT INTO users_bet VALUES(480,194,3,0,0,0);
INSERT INTO users_bet VALUES(481,195,3,0,0,0);
INSERT INTO users_bet VALUES(482,209,3,0,0,0);
INSERT INTO users_bet VALUES(483,210,3,0,0,0);
INSERT INTO users_bet VALUES(484,211,3,0,0,0);
INSERT INTO users_bet VALUES(485,212,3,0,0,0);
INSERT INTO users_bet VALUES(486,213,3,0,0,0);
INSERT INTO users_bet VALUES(487,224,3,0,0,0);
INSERT INTO users_bet VALUES(488,220,3,0,0,0);
INSERT INTO users_bet VALUES(489,221,3,0,0,0);
INSERT INTO users_bet VALUES(490,222,3,0,0,0);
INSERT INTO users_bet VALUES(491,223,3,0,0,0);
INSERT INTO users_bet VALUES(492,218,3,0,0,0);
INSERT INTO users_bet VALUES(493,219,3,0,0,0);
INSERT INTO users_bet VALUES(494,216,3,0,0,0);
INSERT INTO users_bet VALUES(495,217,3,0,0,0);
INSERT INTO users_bet VALUES(496,215,3,0,0,0);
INSERT INTO users_bet VALUES(497,214,3,0,0,0);
INSERT INTO users_bet VALUES(498,240,3,0,0,0);
INSERT INTO users_bet VALUES(499,239,3,0,0,0);
INSERT INTO users_bet VALUES(500,238,3,0,0,0);
INSERT INTO users_bet VALUES(501,232,3,0,0,0);
INSERT INTO users_bet VALUES(502,233,3,0,0,0);
INSERT INTO users_bet VALUES(503,234,3,0,0,0);
INSERT INTO users_bet VALUES(504,235,3,0,0,0);
INSERT INTO users_bet VALUES(505,236,3,0,0,0);
INSERT INTO users_bet VALUES(506,237,3,0,0,0);
INSERT INTO users_bet VALUES(507,231,3,0,0,0);
INSERT INTO users_bet VALUES(508,229,3,0,0,0);
INSERT INTO users_bet VALUES(509,230,3,0,0,0);
INSERT INTO users_bet VALUES(510,228,3,0,0,0);
INSERT INTO users_bet VALUES(511,227,3,0,0,0);
INSERT INTO users_bet VALUES(512,226,3,0,0,0);
INSERT INTO users_bet VALUES(513,225,3,0,0,0);
INSERT INTO users_bet VALUES(514,256,3,0,0,0);
INSERT INTO users_bet VALUES(515,255,3,0,0,0);
INSERT INTO users_bet VALUES(516,245,3,0,0,0);
INSERT INTO users_bet VALUES(517,246,3,0,0,0);
INSERT INTO users_bet VALUES(518,247,3,0,0,0);
INSERT INTO users_bet VALUES(519,248,3,0,0,0);
INSERT INTO users_bet VALUES(520,249,3,0,0,0);
INSERT INTO users_bet VALUES(521,250,3,0,0,0);
INSERT INTO users_bet VALUES(522,251,3,0,0,0);
INSERT INTO users_bet VALUES(523,252,3,0,0,0);
INSERT INTO users_bet VALUES(524,253,3,0,0,0);
INSERT INTO users_bet VALUES(525,254,3,0,0,0);
INSERT INTO users_bet VALUES(526,244,3,0,0,0);
INSERT INTO users_bet VALUES(527,242,3,0,0,0);
INSERT INTO users_bet VALUES(528,243,3,0,0,0);
INSERT INTO users_bet VALUES(529,241,3,0,0,0);
INSERT INTO users_bet VALUES(530,257,3,0,0,0);
INSERT INTO users_bet VALUES(531,258,3,0,0,0);
INSERT INTO users_bet VALUES(532,259,3,0,0,0);
INSERT INTO users_bet VALUES(533,260,3,0,0,0);
INSERT INTO users_bet VALUES(534,261,3,0,0,0);
INSERT INTO users_bet VALUES(535,262,3,0,0,0);
INSERT INTO users_bet VALUES(536,263,3,0,0,0);
INSERT INTO users_bet VALUES(537,264,3,0,0,0);
INSERT INTO users_bet VALUES(538,265,3,0,0,0);
INSERT INTO users_bet VALUES(539,266,3,0,0,0);
INSERT INTO users_bet VALUES(540,267,3,0,0,0);
INSERT INTO users_bet VALUES(541,268,3,0,0,0);
INSERT INTO users_bet VALUES(542,269,3,0,0,0);
INSERT INTO users_bet VALUES(543,270,3,0,0,0);
INSERT INTO users_bet VALUES(544,271,3,0,0,0);
INSERT INTO users_bet VALUES(545,272,3,0,0,0);
CREATE TABLE IF NOT EXISTS "users_match" ("match_number" integer unsigned NOT NULL PRIMARY KEY CHECK ("match_number" >= 0), "week_number" integer unsigned NOT NULL CHECK ("week_number" >= 0), "date" datetime NOT NULL, "location" varchar(100) NOT NULL, "away_team_id" varchar(50) NOT NULL REFERENCES "users_team" ("name") DEFERRABLE INITIALLY DEFERRED, "away_team_result" integer NULL, "home_team_result" integer NULL, "home_team_id" varchar(50) NOT NULL REFERENCES "users_team" ("name") DEFERRABLE INITIALLY DEFERRED);
INSERT INTO users_match VALUES(16,1,'2023-09-08 02:20:00','GEHA Field at Arrowhead Stadium','Detroit Lions',NULL,10,'Kansas City Chiefs');
INSERT INTO users_match VALUES(8,1,'2023-09-10 19:00:00','Mercedes-Benz Stadium','Carolina Panthers',NULL,10,'Atlanta Falcons');
INSERT INTO users_match VALUES(9,1,'2023-09-10 19:00:00','M&T Bank Stadium','Houston Texans',NULL,9,'Baltimore Ravens');
INSERT INTO users_match VALUES(10,1,'2023-09-10 19:00:00','Cleveland Browns Stadium','Cincinnati Bengals',NULL,NULL,'Cleveland Browns');
INSERT INTO users_match VALUES(11,1,'2023-09-10 19:00:00','Lucas Oil Stadium','Jacksonville Jaguars',NULL,NULL,'Indianapolis Colts');
INSERT INTO users_match VALUES(12,1,'2023-09-10 19:00:00','U.S. Bank Stadium','Tampa Bay Buccaneers',NULL,NULL,'Minnesota Vikings');
INSERT INTO users_match VALUES(13,1,'2023-09-10 19:00:00','Caesars Superdome','Tennessee Titans',NULL,NULL,'New Orleans Saints');
INSERT INTO users_match VALUES(14,1,'2023-09-10 19:00:00','Acrisure Stadium','San Francisco 49ers',NULL,NULL,'Pittsburgh Steelers');
INSERT INTO users_match VALUES(15,1,'2023-09-10 19:00:00','FedExField','Arizona Cardinals',NULL,NULL,'Washington Commanders');
INSERT INTO users_match VALUES(3,1,'2023-09-10 22:25:00','Soldier Field','Green Bay Packers',NULL,NULL,'Chicago Bears');
INSERT INTO users_match VALUES(4,1,'2023-09-10 22:25:00','Empower Field at Mile High','Las Vegas Raiders',NULL,NULL,'Denver Broncos');
INSERT INTO users_match VALUES(5,1,'2023-09-10 22:25:00','SoFi Stadium','Miami Dolphins',NULL,NULL,'Los Angeles Chargers');
INSERT INTO users_match VALUES(6,1,'2023-09-10 22:25:00','Gillette Stadium','Philadelphia Eagles',NULL,NULL,'New England Patriots');
INSERT INTO users_match VALUES(7,1,'2023-09-10 22:25:00','Lumen Field','Los Angeles Rams',NULL,NULL,'Seattle Seahawks');
INSERT INTO users_match VALUES(2,1,'2023-09-11 02:20:00','MetLife Stadium','Dallas Cowboys',NULL,NULL,'New York Giants');
INSERT INTO users_match VALUES(1,1,'2023-09-12 02:15:00','MetLife Stadium','Buffalo Bills',NULL,NULL,'New York Jets');
INSERT INTO users_match VALUES(32,2,'2023-09-15 02:15:00','Lincoln Financial Field','Minnesota Vikings',NULL,10,'Philadelphia Eagles');
INSERT INTO users_match VALUES(24,2,'2023-09-17 19:00:00','Mercedes-Benz Stadium','Green Bay Packers',NULL,NULL,'Atlanta Falcons');
INSERT INTO users_match VALUES(25,2,'2023-09-17 19:00:00','Highmark Stadium','Las Vegas Raiders',NULL,NULL,'Buffalo Bills');
INSERT INTO users_match VALUES(26,2,'2023-09-17 19:00:00','Paycor Stadium','Baltimore Ravens',NULL,NULL,'Cincinnati Bengals');
INSERT INTO users_match VALUES(27,2,'2023-09-17 19:00:00','Ford Field','Seattle Seahawks',NULL,NULL,'Detroit Lions');
INSERT INTO users_match VALUES(28,2,'2023-09-17 19:00:00','NRG Stadium','Indianapolis Colts',NULL,NULL,'Houston Texans');
INSERT INTO users_match VALUES(29,2,'2023-09-17 19:00:00','TIAA Bank Field','Kansas City Chiefs',NULL,NULL,'Jacksonville Jaguars');
INSERT INTO users_match VALUES(30,2,'2023-09-17 19:00:00','Raymond James Stadium','Chicago Bears',NULL,NULL,'Tampa Bay Buccaneers');
INSERT INTO users_match VALUES(31,2,'2023-09-17 19:00:00','Nissan Stadium','Los Angeles Chargers',NULL,NULL,'Tennessee Titans');
INSERT INTO users_match VALUES(22,2,'2023-09-17 22:05:00','State Farm Stadium','New York Giants',NULL,NULL,'Arizona Cardinals');
INSERT INTO users_match VALUES(23,2,'2023-09-17 22:05:00','SoFi Stadium','San Francisco 49ers',NULL,NULL,'Los Angeles Rams');
INSERT INTO users_match VALUES(20,2,'2023-09-17 22:25:00','AT&T Stadium','New York Jets',NULL,NULL,'Dallas Cowboys');
INSERT INTO users_match VALUES(21,2,'2023-09-17 22:25:00','Empower Field at Mile High','Washington Commanders',NULL,NULL,'Denver Broncos');
INSERT INTO users_match VALUES(19,2,'2023-09-18 02:20:00','Gillette Stadium','Miami Dolphins',NULL,NULL,'New England Patriots');
INSERT INTO users_match VALUES(18,2,'2023-09-19 01:15:00','Bank of America Stadium','New Orleans Saints',NULL,NULL,'Carolina Panthers');
INSERT INTO users_match VALUES(17,2,'2023-09-19 02:15:00','Acrisure Stadium','Cleveland Browns',NULL,NULL,'Pittsburgh Steelers');
INSERT INTO users_match VALUES(48,3,'2023-09-22 02:15:00','Levi''s® Stadium','New York Giants',NULL,NULL,'San Francisco 49ers');
INSERT INTO users_match VALUES(39,3,'2023-09-24 19:00:00','M&T Bank Stadium','Indianapolis Colts',NULL,NULL,'Baltimore Ravens');
INSERT INTO users_match VALUES(40,3,'2023-09-24 19:00:00','Cleveland Browns Stadium','Tennessee Titans',NULL,NULL,'Cleveland Browns');
INSERT INTO users_match VALUES(41,3,'2023-09-24 19:00:00','Ford Field','Atlanta Falcons',NULL,NULL,'Detroit Lions');
INSERT INTO users_match VALUES(42,3,'2023-09-24 19:00:00','Lambeau Field','New Orleans Saints',NULL,NULL,'Green Bay Packers');
INSERT INTO users_match VALUES(43,3,'2023-09-24 19:00:00','TIAA Bank Field','Houston Texans',NULL,NULL,'Jacksonville Jaguars');
INSERT INTO users_match VALUES(44,3,'2023-09-24 19:00:00','Hard Rock Stadium','Denver Broncos',NULL,NULL,'Miami Dolphins');
INSERT INTO users_match VALUES(45,3,'2023-09-24 19:00:00','U.S. Bank Stadium','Los Angeles Chargers',NULL,NULL,'Minnesota Vikings');
INSERT INTO users_match VALUES(46,3,'2023-09-24 19:00:00','MetLife Stadium','New England Patriots',NULL,NULL,'New York Jets');
INSERT INTO users_match VALUES(47,3,'2023-09-24 19:00:00','FedExField','Buffalo Bills',NULL,NULL,'Washington Commanders');
INSERT INTO users_match VALUES(38,3,'2023-09-24 22:05:00','Lumen Field','Carolina Panthers',NULL,NULL,'Seattle Seahawks');
INSERT INTO users_match VALUES(36,3,'2023-09-24 22:25:00','State Farm Stadium','Dallas Cowboys',NULL,NULL,'Arizona Cardinals');
INSERT INTO users_match VALUES(37,3,'2023-09-24 22:25:00','GEHA Field at Arrowhead Stadium','Chicago Bears',NULL,NULL,'Kansas City Chiefs');
INSERT INTO users_match VALUES(35,3,'2023-09-25 02:20:00','Allegiant Stadium','Pittsburgh Steelers',NULL,NULL,'Las Vegas Raiders');
INSERT INTO users_match VALUES(34,3,'2023-09-26 01:15:00','Raymond James Stadium','Philadelphia Eagles',NULL,NULL,'Tampa Bay Buccaneers');
INSERT INTO users_match VALUES(33,3,'2023-09-26 02:15:00','Paycor Stadium','Los Angeles Rams',NULL,NULL,'Cincinnati Bengals');
INSERT INTO users_match VALUES(64,4,'2023-09-29 02:15:00','Lambeau Field','Detroit Lions',NULL,NULL,'Green Bay Packers');
INSERT INTO users_match VALUES(63,4,'2023-10-01 15:30:00','Wembley Stadium','Atlanta Falcons',NULL,NULL,'Jacksonville Jaguars');
INSERT INTO users_match VALUES(54,4,'2023-10-01 19:00:00','Highmark Stadium','Miami Dolphins',NULL,NULL,'Buffalo Bills');
INSERT INTO users_match VALUES(55,4,'2023-10-01 19:00:00','Bank of America Stadium','Minnesota Vikings',NULL,NULL,'Carolina Panthers');
INSERT INTO users_match VALUES(56,4,'2023-10-01 19:00:00','Soldier Field','Denver Broncos',NULL,NULL,'Chicago Bears');
INSERT INTO users_match VALUES(57,4,'2023-10-01 19:00:00','Cleveland Browns Stadium','Baltimore Ravens',NULL,NULL,'Cleveland Browns');
INSERT INTO users_match VALUES(58,4,'2023-10-01 19:00:00','NRG Stadium','Pittsburgh Steelers',NULL,NULL,'Houston Texans');
INSERT INTO users_match VALUES(59,4,'2023-10-01 19:00:00','Lucas Oil Stadium','Los Angeles Rams',NULL,NULL,'Indianapolis Colts');
INSERT INTO users_match VALUES(60,4,'2023-10-01 19:00:00','Caesars Superdome','Tampa Bay Buccaneers',NULL,NULL,'New Orleans Saints');
INSERT INTO users_match VALUES(61,4,'2023-10-01 19:00:00','Lincoln Financial Field','Washington Commanders',NULL,NULL,'Philadelphia Eagles');
INSERT INTO users_match VALUES(62,4,'2023-10-01 19:00:00','Nissan Stadium','Cincinnati Bengals',NULL,NULL,'Tennessee Titans');
INSERT INTO users_match VALUES(53,4,'2023-10-01 22:05:00','SoFi Stadium','Las Vegas Raiders',NULL,NULL,'Los Angeles Chargers');
INSERT INTO users_match VALUES(51,4,'2023-10-01 22:25:00','AT&T Stadium','New England Patriots',NULL,NULL,'Dallas Cowboys');
INSERT INTO users_match VALUES(52,4,'2023-10-01 22:25:00','Levi''s® Stadium','Arizona Cardinals',NULL,NULL,'San Francisco 49ers');
INSERT INTO users_match VALUES(50,4,'2023-10-02 02:20:00','MetLife Stadium','Kansas City Chiefs',NULL,NULL,'New York Jets');
INSERT INTO users_match VALUES(49,4,'2023-10-03 02:15:00','MetLife Stadium','Seattle Seahawks',NULL,NULL,'New York Giants');
INSERT INTO users_match VALUES(78,5,'2023-10-06 02:15:00','FedExField','Chicago Bears',NULL,NULL,'Washington Commanders');
INSERT INTO users_match VALUES(77,5,'2023-10-08 15:30:00','Tottenham Hotspur Stadium','Jacksonville Jaguars',NULL,NULL,'Buffalo Bills');
INSERT INTO users_match VALUES(71,5,'2023-10-08 19:00:00','Mercedes-Benz Stadium','Houston Texans',NULL,NULL,'Atlanta Falcons');
INSERT INTO users_match VALUES(72,5,'2023-10-08 19:00:00','Ford Field','Carolina Panthers',NULL,NULL,'Detroit Lions');
INSERT INTO users_match VALUES(73,5,'2023-10-08 19:00:00','Lucas Oil Stadium','Tennessee Titans',NULL,NULL,'Indianapolis Colts');
INSERT INTO users_match VALUES(74,5,'2023-10-08 19:00:00','Hard Rock Stadium','New York Giants',NULL,NULL,'Miami Dolphins');
INSERT INTO users_match VALUES(75,5,'2023-10-08 19:00:00','Gillette Stadium','New Orleans Saints',NULL,NULL,'New England Patriots');
INSERT INTO users_match VALUES(76,5,'2023-10-08 19:00:00','Acrisure Stadium','Baltimore Ravens',NULL,NULL,'Pittsburgh Steelers');
INSERT INTO users_match VALUES(69,5,'2023-10-08 22:05:00','State Farm Stadium','Cincinnati Bengals',NULL,NULL,'Arizona Cardinals');
INSERT INTO users_match VALUES(70,5,'2023-10-08 22:05:00','SoFi Stadium','Philadelphia Eagles',NULL,NULL,'Los Angeles Rams');
INSERT INTO users_match VALUES(67,5,'2023-10-08 22:25:00','Empower Field at Mile High','New York Jets',NULL,NULL,'Denver Broncos');
INSERT INTO users_match VALUES(68,5,'2023-10-08 22:25:00','U.S. Bank Stadium','Kansas City Chiefs',NULL,NULL,'Minnesota Vikings');
INSERT INTO users_match VALUES(66,5,'2023-10-09 02:20:00','Levi''s® Stadium','Dallas Cowboys',NULL,NULL,'San Francisco 49ers');
INSERT INTO users_match VALUES(65,5,'2023-10-10 02:15:00','Allegiant Stadium','Green Bay Packers',NULL,NULL,'Las Vegas Raiders');
INSERT INTO users_match VALUES(93,6,'2023-10-13 02:15:00','GEHA Field at Arrowhead Stadium','Denver Broncos',NULL,NULL,'Kansas City Chiefs');
INSERT INTO users_match VALUES(92,6,'2023-10-15 15:30:00','Tottenham Hotspur Stadium','Baltimore Ravens',NULL,NULL,'Tennessee Titans');
INSERT INTO users_match VALUES(84,6,'2023-10-15 19:00:00','Mercedes-Benz Stadium','Washington Commanders',NULL,NULL,'Atlanta Falcons');
INSERT INTO users_match VALUES(85,6,'2023-10-15 19:00:00','Soldier Field','Minnesota Vikings',NULL,NULL,'Chicago Bears');
INSERT INTO users_match VALUES(86,6,'2023-10-15 19:00:00','Paycor Stadium','Seattle Seahawks',NULL,NULL,'Cincinnati Bengals');
INSERT INTO users_match VALUES(87,6,'2023-10-15 19:00:00','Cleveland Browns Stadium','San Francisco 49ers',NULL,NULL,'Cleveland Browns');
INSERT INTO users_match VALUES(88,6,'2023-10-15 19:00:00','NRG Stadium','New Orleans Saints',NULL,NULL,'Houston Texans');
INSERT INTO users_match VALUES(89,6,'2023-10-15 19:00:00','TIAA Bank Field','Indianapolis Colts',NULL,NULL,'Jacksonville Jaguars');
INSERT INTO users_match VALUES(90,6,'2023-10-15 19:00:00','Hard Rock Stadium','Carolina Panthers',NULL,NULL,'Miami Dolphins');
INSERT INTO users_match VALUES(91,6,'2023-10-15 19:00:00','Raymond James Stadium','Detroit Lions',NULL,NULL,'Tampa Bay Buccaneers');
INSERT INTO users_match VALUES(83,6,'2023-10-15 22:05:00','Allegiant Stadium','New England Patriots',NULL,NULL,'Las Vegas Raiders');
INSERT INTO users_match VALUES(81,6,'2023-10-15 22:25:00','SoFi Stadium','Arizona Cardinals',NULL,NULL,'Los Angeles Rams');
INSERT INTO users_match VALUES(82,6,'2023-10-15 22:25:00','MetLife Stadium','Philadelphia Eagles',NULL,NULL,'New York Jets');
INSERT INTO users_match VALUES(80,6,'2023-10-16 02:20:00','Highmark Stadium','New York Giants',NULL,NULL,'Buffalo Bills');
INSERT INTO users_match VALUES(79,6,'2023-10-17 02:15:00','SoFi Stadium','Dallas Cowboys',NULL,NULL,'Los Angeles Chargers');
INSERT INTO users_match VALUES(106,7,'2023-10-20 02:15:00','Caesars Superdome','Jacksonville Jaguars',NULL,NULL,'New Orleans Saints');
INSERT INTO users_match VALUES(100,7,'2023-10-22 19:00:00','M&T Bank Stadium','Detroit Lions',NULL,NULL,'Baltimore Ravens');
INSERT INTO users_match VALUES(101,7,'2023-10-22 19:00:00','Soldier Field','Las Vegas Raiders',NULL,NULL,'Chicago Bears');
INSERT INTO users_match VALUES(102,7,'2023-10-22 19:00:00','Lucas Oil Stadium','Cleveland Browns',NULL,NULL,'Indianapolis Colts');
INSERT INTO users_match VALUES(103,7,'2023-10-22 19:00:00','Gillette Stadium','Buffalo Bills',NULL,NULL,'New England Patriots');
INSERT INTO users_match VALUES(104,7,'2023-10-22 19:00:00','MetLife Stadium','Washington Commanders',NULL,NULL,'New York Giants');
INSERT INTO users_match VALUES(105,7,'2023-10-22 19:00:00','Raymond James Stadium','Atlanta Falcons',NULL,NULL,'Tampa Bay Buccaneers');
INSERT INTO users_match VALUES(98,7,'2023-10-22 22:05:00','SoFi Stadium','Pittsburgh Steelers',NULL,NULL,'Los Angeles Rams');
INSERT INTO users_match VALUES(99,7,'2023-10-22 22:05:00','Lumen Field','Arizona Cardinals',NULL,NULL,'Seattle Seahawks');
INSERT INTO users_match VALUES(96,7,'2023-10-22 22:25:00','Empower Field at Mile High','Green Bay Packers',NULL,NULL,'Denver Broncos');
INSERT INTO users_match VALUES(97,7,'2023-10-22 22:25:00','GEHA Field at Arrowhead Stadium','Los Angeles Chargers',NULL,NULL,'Kansas City Chiefs');
INSERT INTO users_match VALUES(95,7,'2023-10-23 02:20:00','Lincoln Financial Field','Miami Dolphins',NULL,NULL,'Philadelphia Eagles');
INSERT INTO users_match VALUES(94,7,'2023-10-24 02:15:00','U.S. Bank Stadium','San Francisco 49ers',NULL,NULL,'Minnesota Vikings');
INSERT INTO users_match VALUES(122,8,'2023-10-27 02:15:00','Highmark Stadium','Tampa Bay Buccaneers',NULL,NULL,'Buffalo Bills');
INSERT INTO users_match VALUES(113,8,'2023-10-29 18:00:00','Bank of America Stadium','Houston Texans',NULL,NULL,'Carolina Panthers');
INSERT INTO users_match VALUES(114,8,'2023-10-29 18:00:00','AT&T Stadium','Los Angeles Rams',NULL,NULL,'Dallas Cowboys');
INSERT INTO users_match VALUES(115,8,'2023-10-29 18:00:00','Lambeau Field','Minnesota Vikings',NULL,NULL,'Green Bay Packers');
INSERT INTO users_match VALUES(116,8,'2023-10-29 18:00:00','Lucas Oil Stadium','New Orleans Saints',NULL,NULL,'Indianapolis Colts');
INSERT INTO users_match VALUES(117,8,'2023-10-29 18:00:00','Hard Rock Stadium','New England Patriots',NULL,NULL,'Miami Dolphins');
INSERT INTO users_match VALUES(118,8,'2023-10-29 18:00:00','MetLife Stadium','New York Jets',NULL,NULL,'New York Giants');
INSERT INTO users_match VALUES(119,8,'2023-10-29 18:00:00','Acrisure Stadium','Jacksonville Jaguars',NULL,NULL,'Pittsburgh Steelers');
INSERT INTO users_match VALUES(120,8,'2023-10-29 18:00:00','Nissan Stadium','Atlanta Falcons',NULL,NULL,'Tennessee Titans');
INSERT INTO users_match VALUES(121,8,'2023-10-29 18:00:00','FedExField','Philadelphia Eagles',NULL,NULL,'Washington Commanders');
INSERT INTO users_match VALUES(112,8,'2023-10-29 21:05:00','Lumen Field','Cleveland Browns',NULL,NULL,'Seattle Seahawks');
INSERT INTO users_match VALUES(109,8,'2023-10-29 21:25:00','State Farm Stadium','Baltimore Ravens',NULL,NULL,'Arizona Cardinals');
INSERT INTO users_match VALUES(110,8,'2023-10-29 21:25:00','Empower Field at Mile High','Kansas City Chiefs',NULL,NULL,'Denver Broncos');
INSERT INTO users_match VALUES(111,8,'2023-10-29 21:25:00','Levi''s® Stadium','Cincinnati Bengals',NULL,NULL,'San Francisco 49ers');
INSERT INTO users_match VALUES(108,8,'2023-10-30 01:20:00','SoFi Stadium','Chicago Bears',NULL,NULL,'Los Angeles Chargers');
INSERT INTO users_match VALUES(107,8,'2023-10-31 01:15:00','Ford Field','Las Vegas Raiders',NULL,NULL,'Detroit Lions');
INSERT INTO users_match VALUES(136,9,'2023-11-03 01:15:00','Acrisure Stadium','Tennessee Titans',NULL,NULL,'Pittsburgh Steelers');
INSERT INTO users_match VALUES(135,9,'2023-11-05 15:30:00','Deutsche Bank Park','Miami Dolphins',NULL,NULL,'Kansas City Chiefs');
INSERT INTO users_match VALUES(128,9,'2023-11-05 19:00:00','Mercedes-Benz Stadium','Minnesota Vikings',NULL,NULL,'Atlanta Falcons');
INSERT INTO users_match VALUES(129,9,'2023-11-05 19:00:00','M&T Bank Stadium','Seattle Seahawks',NULL,NULL,'Baltimore Ravens');
INSERT INTO users_match VALUES(130,9,'2023-11-05 19:00:00','Cleveland Browns Stadium','Arizona Cardinals',NULL,NULL,'Cleveland Browns');
INSERT INTO users_match VALUES(131,9,'2023-11-05 19:00:00','Lambeau Field','Los Angeles Rams',NULL,NULL,'Green Bay Packers');
INSERT INTO users_match VALUES(132,9,'2023-11-05 19:00:00','NRG Stadium','Tampa Bay Buccaneers',NULL,NULL,'Houston Texans');
INSERT INTO users_match VALUES(133,9,'2023-11-05 19:00:00','Gillette Stadium','Washington Commanders',NULL,NULL,'New England Patriots');
INSERT INTO users_match VALUES(134,9,'2023-11-05 19:00:00','Caesars Superdome','Chicago Bears',NULL,NULL,'New Orleans Saints');
INSERT INTO users_match VALUES(127,9,'2023-11-05 22:05:00','Bank of America Stadium','Indianapolis Colts',NULL,NULL,'Carolina Panthers');
INSERT INTO users_match VALUES(125,9,'2023-11-05 22:25:00','Allegiant Stadium','New York Giants',NULL,NULL,'Las Vegas Raiders');
INSERT INTO users_match VALUES(126,9,'2023-11-05 22:25:00','Lincoln Financial Field','Dallas Cowboys',NULL,NULL,'Philadelphia Eagles');
INSERT INTO users_match VALUES(124,9,'2023-11-06 02:20:00','Paycor Stadium','Buffalo Bills',NULL,NULL,'Cincinnati Bengals');
INSERT INTO users_match VALUES(123,9,'2023-11-07 02:15:00','MetLife Stadium','Los Angeles Chargers',NULL,NULL,'New York Jets');
INSERT INTO users_match VALUES(150,10,'2023-11-10 02:15:00','Soldier Field','Carolina Panthers',NULL,NULL,'Chicago Bears');
INSERT INTO users_match VALUES(149,10,'2023-11-12 15:30:00','Deutsche Bank Park','Indianapolis Colts',NULL,NULL,'New England Patriots');
INSERT INTO users_match VALUES(143,10,'2023-11-12 19:00:00','M&T Bank Stadium','Cleveland Browns',NULL,NULL,'Baltimore Ravens');
INSERT INTO users_match VALUES(144,10,'2023-11-12 19:00:00','Paycor Stadium','Houston Texans',NULL,NULL,'Cincinnati Bengals');
INSERT INTO users_match VALUES(145,10,'2023-11-12 19:00:00','TIAA Bank Field','San Francisco 49ers',NULL,NULL,'Jacksonville Jaguars');
INSERT INTO users_match VALUES(146,10,'2023-11-12 19:00:00','U.S. Bank Stadium','New Orleans Saints',NULL,NULL,'Minnesota Vikings');
INSERT INTO users_match VALUES(147,10,'2023-11-12 19:00:00','Acrisure Stadium','Green Bay Packers',NULL,NULL,'Pittsburgh Steelers');
INSERT INTO users_match VALUES(148,10,'2023-11-12 19:00:00','Raymond James Stadium','Tennessee Titans',NULL,NULL,'Tampa Bay Buccaneers');
INSERT INTO users_match VALUES(141,10,'2023-11-12 22:05:00','State Farm Stadium','Atlanta Falcons',NULL,NULL,'Arizona Cardinals');
INSERT INTO users_match VALUES(142,10,'2023-11-12 22:05:00','SoFi Stadium','Detroit Lions',NULL,NULL,'Los Angeles Chargers');
INSERT INTO users_match VALUES(139,10,'2023-11-12 22:25:00','AT&T Stadium','New York Giants',NULL,NULL,'Dallas Cowboys');
INSERT INTO users_match VALUES(140,10,'2023-11-12 22:25:00','Lumen Field','Washington Commanders',NULL,NULL,'Seattle Seahawks');
INSERT INTO users_match VALUES(138,10,'2023-11-13 02:20:00','Allegiant Stadium','New York Jets',NULL,NULL,'Las Vegas Raiders');
INSERT INTO users_match VALUES(137,10,'2023-11-14 02:15:00','Highmark Stadium','Denver Broncos',NULL,NULL,'Buffalo Bills');
INSERT INTO users_match VALUES(164,11,'2023-11-17 02:15:00','M&T Bank Stadium','Cincinnati Bengals',NULL,NULL,'Baltimore Ravens');
INSERT INTO users_match VALUES(156,11,'2023-11-19 19:00:00','Bank of America Stadium','Dallas Cowboys',NULL,NULL,'Carolina Panthers');
INSERT INTO users_match VALUES(157,11,'2023-11-19 19:00:00','Cleveland Browns Stadium','Pittsburgh Steelers',NULL,NULL,'Cleveland Browns');
INSERT INTO users_match VALUES(158,11,'2023-11-19 19:00:00','Ford Field','Chicago Bears',NULL,NULL,'Detroit Lions');
INSERT INTO users_match VALUES(159,11,'2023-11-19 19:00:00','Lambeau Field','Los Angeles Chargers',NULL,NULL,'Green Bay Packers');
INSERT INTO users_match VALUES(160,11,'2023-11-19 19:00:00','NRG Stadium','Arizona Cardinals',NULL,NULL,'Houston Texans');
INSERT INTO users_match VALUES(161,11,'2023-11-19 19:00:00','TIAA Bank Field','Tennessee Titans',NULL,NULL,'Jacksonville Jaguars');
INSERT INTO users_match VALUES(162,11,'2023-11-19 19:00:00','Hard Rock Stadium','Las Vegas Raiders',NULL,NULL,'Miami Dolphins');
INSERT INTO users_match VALUES(163,11,'2023-11-19 19:00:00','FedExField','New York Giants',NULL,NULL,'Washington Commanders');
INSERT INTO users_match VALUES(155,11,'2023-11-19 22:05:00','Levi''s® Stadium','Tampa Bay Buccaneers',NULL,NULL,'San Francisco 49ers');
INSERT INTO users_match VALUES(153,11,'2023-11-19 22:25:00','Highmark Stadium','New York Jets',NULL,NULL,'Buffalo Bills');
INSERT INTO users_match VALUES(154,11,'2023-11-19 22:25:00','SoFi Stadium','Seattle Seahawks',NULL,NULL,'Los Angeles Rams');
INSERT INTO users_match VALUES(152,11,'2023-11-20 02:20:00','Empower Field at Mile High','Minnesota Vikings',NULL,NULL,'Denver Broncos');
INSERT INTO users_match VALUES(151,11,'2023-11-21 02:15:00','GEHA Field at Arrowhead Stadium','Philadelphia Eagles',NULL,NULL,'Kansas City Chiefs');
INSERT INTO users_match VALUES(180,12,'2023-11-23 18:30:00','Ford Field','Green Bay Packers',NULL,NULL,'Detroit Lions');
INSERT INTO users_match VALUES(179,12,'2023-11-23 22:30:00','AT&T Stadium','Washington Commanders',NULL,NULL,'Dallas Cowboys');
INSERT INTO users_match VALUES(178,12,'2023-11-24 02:20:00','Lumen Field','San Francisco 49ers',NULL,NULL,'Seattle Seahawks');
INSERT INTO users_match VALUES(177,12,'2023-11-24 21:00:00','MetLife Stadium','Miami Dolphins',NULL,NULL,'New York Jets');
INSERT INTO users_match VALUES(171,12,'2023-11-26 19:00:00','Mercedes-Benz Stadium','New Orleans Saints',NULL,NULL,'Atlanta Falcons');
INSERT INTO users_match VALUES(172,12,'2023-11-26 19:00:00','Paycor Stadium','Pittsburgh Steelers',NULL,NULL,'Cincinnati Bengals');
INSERT INTO users_match VALUES(173,12,'2023-11-26 19:00:00','NRG Stadium','Jacksonville Jaguars',NULL,NULL,'Houston Texans');
INSERT INTO users_match VALUES(174,12,'2023-11-26 19:00:00','Lucas Oil Stadium','Tampa Bay Buccaneers',NULL,NULL,'Indianapolis Colts');
INSERT INTO users_match VALUES(175,12,'2023-11-26 19:00:00','MetLife Stadium','New England Patriots',NULL,NULL,'New York Giants');
INSERT INTO users_match VALUES(176,12,'2023-11-26 19:00:00','Nissan Stadium','Carolina Panthers',NULL,NULL,'Tennessee Titans');
INSERT INTO users_match VALUES(169,12,'2023-11-26 22:05:00','State Farm Stadium','Los Angeles Rams',NULL,NULL,'Arizona Cardinals');
INSERT INTO users_match VALUES(170,12,'2023-11-26 22:05:00','Empower Field at Mile High','Cleveland Browns',NULL,NULL,'Denver Broncos');
INSERT INTO users_match VALUES(167,12,'2023-11-26 22:25:00','Allegiant Stadium','Kansas City Chiefs',NULL,NULL,'Las Vegas Raiders');
INSERT INTO users_match VALUES(168,12,'2023-11-26 22:25:00','Lincoln Financial Field','Buffalo Bills',NULL,NULL,'Philadelphia Eagles');
INSERT INTO users_match VALUES(166,12,'2023-11-27 02:20:00','SoFi Stadium','Baltimore Ravens',NULL,NULL,'Los Angeles Chargers');
INSERT INTO users_match VALUES(165,12,'2023-11-28 02:15:00','U.S. Bank Stadium','Chicago Bears',NULL,NULL,'Minnesota Vikings');
INSERT INTO users_match VALUES(193,13,'2023-12-01 02:15:00','AT&T Stadium','Seattle Seahawks',NULL,NULL,'Dallas Cowboys');
INSERT INTO users_match VALUES(186,13,'2023-12-03 19:00:00','Gillette Stadium','Los Angeles Chargers',NULL,NULL,'New England Patriots');
INSERT INTO users_match VALUES(187,13,'2023-12-03 19:00:00','Caesars Superdome','Detroit Lions',NULL,NULL,'New Orleans Saints');
INSERT INTO users_match VALUES(188,13,'2023-12-03 19:00:00','MetLife Stadium','Atlanta Falcons',NULL,NULL,'New York Jets');
INSERT INTO users_match VALUES(189,13,'2023-12-03 19:00:00','Acrisure Stadium','Arizona Cardinals',NULL,NULL,'Pittsburgh Steelers');
INSERT INTO users_match VALUES(190,13,'2023-12-03 19:00:00','Raymond James Stadium','Carolina Panthers',NULL,NULL,'Tampa Bay Buccaneers');
INSERT INTO users_match VALUES(191,13,'2023-12-03 19:00:00','Nissan Stadium','Indianapolis Colts',NULL,NULL,'Tennessee Titans');
INSERT INTO users_match VALUES(192,13,'2023-12-03 19:00:00','FedExField','Miami Dolphins',NULL,NULL,'Washington Commanders');
INSERT INTO users_match VALUES(185,13,'2023-12-03 22:05:00','NRG Stadium','Denver Broncos',NULL,NULL,'Houston Texans');
INSERT INTO users_match VALUES(183,13,'2023-12-03 22:25:00','SoFi Stadium','Cleveland Browns',NULL,NULL,'Los Angeles Rams');
INSERT INTO users_match VALUES(184,13,'2023-12-03 22:25:00','Lincoln Financial Field','San Francisco 49ers',NULL,NULL,'Philadelphia Eagles');
INSERT INTO users_match VALUES(182,13,'2023-12-04 02:20:00','Lambeau Field','Kansas City Chiefs',NULL,NULL,'Green Bay Packers');
INSERT INTO users_match VALUES(181,13,'2023-12-05 02:15:00','TIAA Bank Field','Cincinnati Bengals',NULL,NULL,'Jacksonville Jaguars');
INSERT INTO users_match VALUES(208,14,'2023-12-08 02:15:00','Acrisure Stadium','New England Patriots',NULL,NULL,'Pittsburgh Steelers');
INSERT INTO users_match VALUES(201,14,'2023-12-10 19:00:00','Mercedes-Benz Stadium','Tampa Bay Buccaneers',NULL,NULL,'Atlanta Falcons');
INSERT INTO users_match VALUES(202,14,'2023-12-10 19:00:00','M&T Bank Stadium','Los Angeles Rams',NULL,NULL,'Baltimore Ravens');
INSERT INTO users_match VALUES(203,14,'2023-12-10 19:00:00','Soldier Field','Detroit Lions',NULL,NULL,'Chicago Bears');
INSERT INTO users_match VALUES(204,14,'2023-12-10 19:00:00','Paycor Stadium','Indianapolis Colts',NULL,NULL,'Cincinnati Bengals');
INSERT INTO users_match VALUES(205,14,'2023-12-10 19:00:00','Cleveland Browns Stadium','Jacksonville Jaguars',NULL,NULL,'Cleveland Browns');
INSERT INTO users_match VALUES(206,14,'2023-12-10 19:00:00','Caesars Superdome','Carolina Panthers',NULL,NULL,'New Orleans Saints');
INSERT INTO users_match VALUES(207,14,'2023-12-10 19:00:00','MetLife Stadium','Houston Texans',NULL,NULL,'New York Jets');
INSERT INTO users_match VALUES(199,14,'2023-12-10 22:05:00','Allegiant Stadium','Minnesota Vikings',NULL,NULL,'Las Vegas Raiders');
INSERT INTO users_match VALUES(200,14,'2023-12-10 22:05:00','Levi''s® Stadium','Seattle Seahawks',NULL,NULL,'San Francisco 49ers');
INSERT INTO users_match VALUES(197,14,'2023-12-10 22:25:00','GEHA Field at Arrowhead Stadium','Buffalo Bills',NULL,NULL,'Kansas City Chiefs');
INSERT INTO users_match VALUES(198,14,'2023-12-10 22:25:00','SoFi Stadium','Denver Broncos',NULL,NULL,'Los Angeles Chargers');
INSERT INTO users_match VALUES(196,14,'2023-12-11 02:20:00','AT&T Stadium','Philadelphia Eagles',NULL,NULL,'Dallas Cowboys');
INSERT INTO users_match VALUES(194,14,'2023-12-12 02:15:00','Hard Rock Stadium','Tennessee Titans',NULL,NULL,'Miami Dolphins');
INSERT INTO users_match VALUES(195,14,'2023-12-12 02:15:00','MetLife Stadium','Green Bay Packers',NULL,NULL,'New York Giants');
INSERT INTO users_match VALUES(209,15,'2023-12-15 02:15:00','Bank of America Stadium','Atlanta Falcons',NULL,NULL,'Carolina Panthers');
INSERT INTO users_match VALUES(210,15,'2023-12-15 02:15:00','Paycor Stadium','Minnesota Vikings',NULL,NULL,'Cincinnati Bengals');
INSERT INTO users_match VALUES(211,15,'2023-12-15 02:15:00','Cleveland Browns Stadium','Chicago Bears',NULL,NULL,'Cleveland Browns');
INSERT INTO users_match VALUES(212,15,'2023-12-15 02:15:00','Ford Field','Denver Broncos',NULL,NULL,'Detroit Lions');
INSERT INTO users_match VALUES(213,15,'2023-12-15 02:15:00','Lucas Oil Stadium','Pittsburgh Steelers',NULL,NULL,'Indianapolis Colts');
INSERT INTO users_match VALUES(224,15,'2023-12-15 02:15:00','Allegiant Stadium','Los Angeles Chargers',NULL,NULL,'Las Vegas Raiders');
INSERT INTO users_match VALUES(220,15,'2023-12-17 19:00:00','Lambeau Field','Tampa Bay Buccaneers',NULL,NULL,'Green Bay Packers');
INSERT INTO users_match VALUES(221,15,'2023-12-17 19:00:00','Hard Rock Stadium','New York Jets',NULL,NULL,'Miami Dolphins');
INSERT INTO users_match VALUES(222,15,'2023-12-17 19:00:00','Caesars Superdome','New York Giants',NULL,NULL,'New Orleans Saints');
INSERT INTO users_match VALUES(223,15,'2023-12-17 19:00:00','Nissan Stadium','Houston Texans',NULL,NULL,'Tennessee Titans');
INSERT INTO users_match VALUES(218,15,'2023-12-17 22:05:00','State Farm Stadium','San Francisco 49ers',NULL,NULL,'Arizona Cardinals');
INSERT INTO users_match VALUES(219,15,'2023-12-17 22:05:00','SoFi Stadium','Washington Commanders',NULL,NULL,'Los Angeles Rams');
INSERT INTO users_match VALUES(216,15,'2023-12-17 22:25:00','Highmark Stadium','Dallas Cowboys',NULL,NULL,'Buffalo Bills');
INSERT INTO users_match VALUES(217,15,'2023-12-17 22:25:00','Lumen Field','Philadelphia Eagles',NULL,NULL,'Seattle Seahawks');
INSERT INTO users_match VALUES(215,15,'2023-12-18 02:20:00','TIAA Bank Field','Baltimore Ravens',NULL,NULL,'Jacksonville Jaguars');
INSERT INTO users_match VALUES(214,15,'2023-12-19 02:15:00','Gillette Stadium','Kansas City Chiefs',NULL,NULL,'New England Patriots');
INSERT INTO users_match VALUES(240,16,'2023-12-22 02:15:00','SoFi Stadium','New Orleans Saints',NULL,NULL,'Los Angeles Rams');
INSERT INTO users_match VALUES(239,16,'2023-12-23 22:30:00','Acrisure Stadium','Cincinnati Bengals',NULL,NULL,'Pittsburgh Steelers');
INSERT INTO users_match VALUES(238,16,'2023-12-24 02:00:00','SoFi Stadium','Buffalo Bills',NULL,NULL,'Los Angeles Chargers');
INSERT INTO users_match VALUES(232,16,'2023-12-24 19:00:00','Mercedes-Benz Stadium','Indianapolis Colts',NULL,NULL,'Atlanta Falcons');
INSERT INTO users_match VALUES(233,16,'2023-12-24 19:00:00','Bank of America Stadium','Green Bay Packers',NULL,NULL,'Carolina Panthers');
INSERT INTO users_match VALUES(234,16,'2023-12-24 19:00:00','NRG Stadium','Cleveland Browns',NULL,NULL,'Houston Texans');
INSERT INTO users_match VALUES(235,16,'2023-12-24 19:00:00','U.S. Bank Stadium','Detroit Lions',NULL,NULL,'Minnesota Vikings');
INSERT INTO users_match VALUES(236,16,'2023-12-24 19:00:00','MetLife Stadium','Washington Commanders',NULL,NULL,'New York Jets');
INSERT INTO users_match VALUES(237,16,'2023-12-24 19:00:00','Nissan Stadium','Seattle Seahawks',NULL,NULL,'Tennessee Titans');
INSERT INTO users_match VALUES(231,16,'2023-12-24 22:05:00','Raymond James Stadium','Jacksonville Jaguars',NULL,NULL,'Tampa Bay Buccaneers');
INSERT INTO users_match VALUES(229,16,'2023-12-24 22:25:00','Soldier Field','Arizona Cardinals',NULL,NULL,'Chicago Bears');
INSERT INTO users_match VALUES(230,16,'2023-12-24 22:25:00','Hard Rock Stadium','Dallas Cowboys',NULL,NULL,'Miami Dolphins');
INSERT INTO users_match VALUES(228,16,'2023-12-25 02:15:00','Empower Field at Mile High','New England Patriots',NULL,NULL,'Denver Broncos');
INSERT INTO users_match VALUES(227,16,'2023-12-25 19:00:00','GEHA Field at Arrowhead Stadium','Las Vegas Raiders',NULL,NULL,'Kansas City Chiefs');
INSERT INTO users_match VALUES(226,16,'2023-12-25 22:30:00','Lincoln Financial Field','New York Giants',NULL,NULL,'Philadelphia Eagles');
INSERT INTO users_match VALUES(225,16,'2023-12-26 02:15:00','Levi''s® Stadium','Baltimore Ravens',NULL,NULL,'San Francisco 49ers');
INSERT INTO users_match VALUES(256,17,'2023-12-29 02:15:00','Cleveland Browns Stadium','New York Jets',NULL,NULL,'Cleveland Browns');
INSERT INTO users_match VALUES(255,17,'2023-12-31 02:15:00','AT&T Stadium','Detroit Lions',NULL,NULL,'Dallas Cowboys');
INSERT INTO users_match VALUES(245,17,'2023-12-31 19:00:00','M&T Bank Stadium','Miami Dolphins',NULL,NULL,'Baltimore Ravens');
INSERT INTO users_match VALUES(246,17,'2023-12-31 19:00:00','Highmark Stadium','New England Patriots',NULL,NULL,'Buffalo Bills');
INSERT INTO users_match VALUES(247,17,'2023-12-31 19:00:00','Soldier Field','Atlanta Falcons',NULL,NULL,'Chicago Bears');
INSERT INTO users_match VALUES(248,17,'2023-12-31 19:00:00','NRG Stadium','Tennessee Titans',NULL,NULL,'Houston Texans');
INSERT INTO users_match VALUES(249,17,'2023-12-31 19:00:00','Lucas Oil Stadium','Las Vegas Raiders',NULL,NULL,'Indianapolis Colts');
INSERT INTO users_match VALUES(250,17,'2023-12-31 19:00:00','TIAA Bank Field','Carolina Panthers',NULL,NULL,'Jacksonville Jaguars');
INSERT INTO users_match VALUES(251,17,'2023-12-31 19:00:00','MetLife Stadium','Los Angeles Rams',NULL,NULL,'New York Giants');
INSERT INTO users_match VALUES(252,17,'2023-12-31 19:00:00','Lincoln Financial Field','Arizona Cardinals',NULL,NULL,'Philadelphia Eagles');
INSERT INTO users_match VALUES(253,17,'2023-12-31 19:00:00','Raymond James Stadium','New Orleans Saints',NULL,NULL,'Tampa Bay Buccaneers');
INSERT INTO users_match VALUES(254,17,'2023-12-31 19:00:00','FedExField','San Francisco 49ers',NULL,NULL,'Washington Commanders');
INSERT INTO users_match VALUES(244,17,'2023-12-31 22:05:00','Lumen Field','Pittsburgh Steelers',NULL,NULL,'Seattle Seahawks');
INSERT INTO users_match VALUES(242,17,'2023-12-31 22:25:00','Empower Field at Mile High','Los Angeles Chargers',NULL,NULL,'Denver Broncos');
INSERT INTO users_match VALUES(243,17,'2023-12-31 22:25:00','GEHA Field at Arrowhead Stadium','Cincinnati Bengals',NULL,NULL,'Kansas City Chiefs');
INSERT INTO users_match VALUES(241,17,'2024-01-01 02:20:00','U.S. Bank Stadium','Green Bay Packers',NULL,NULL,'Minnesota Vikings');
INSERT INTO users_match VALUES(257,18,'2024-01-05 19:00:00','State Farm Stadium','Seattle Seahawks',NULL,NULL,'Arizona Cardinals');
INSERT INTO users_match VALUES(258,18,'2024-01-05 19:00:00','M&T Bank Stadium','Pittsburgh Steelers',NULL,NULL,'Baltimore Ravens');
INSERT INTO users_match VALUES(259,18,'2024-01-05 19:00:00','Bank of America Stadium','Tampa Bay Buccaneers',NULL,NULL,'Carolina Panthers');
INSERT INTO users_match VALUES(260,18,'2024-01-05 19:00:00','Paycor Stadium','Cleveland Browns',NULL,NULL,'Cincinnati Bengals');
INSERT INTO users_match VALUES(261,18,'2024-01-05 19:00:00','Ford Field','Minnesota Vikings',NULL,NULL,'Detroit Lions');
INSERT INTO users_match VALUES(262,18,'2024-01-05 19:00:00','Lambeau Field','Chicago Bears',NULL,NULL,'Green Bay Packers');
INSERT INTO users_match VALUES(263,18,'2024-01-05 19:00:00','Lucas Oil Stadium','Houston Texans',NULL,NULL,'Indianapolis Colts');
INSERT INTO users_match VALUES(264,18,'2024-01-05 19:00:00','SoFi Stadium','Kansas City Chiefs',NULL,NULL,'Los Angeles Chargers');
INSERT INTO users_match VALUES(265,18,'2024-01-05 19:00:00','Allegiant Stadium','Denver Broncos',NULL,NULL,'Las Vegas Raiders');
INSERT INTO users_match VALUES(266,18,'2024-01-05 19:00:00','Hard Rock Stadium','Buffalo Bills',NULL,NULL,'Miami Dolphins');
INSERT INTO users_match VALUES(267,18,'2024-01-05 19:00:00','Gillette Stadium','New York Jets',NULL,NULL,'New England Patriots');
INSERT INTO users_match VALUES(268,18,'2024-01-05 19:00:00','Caesars Superdome','Atlanta Falcons',NULL,NULL,'New Orleans Saints');
INSERT INTO users_match VALUES(269,18,'2024-01-05 19:00:00','MetLife Stadium','Philadelphia Eagles',NULL,NULL,'New York Giants');
INSERT INTO users_match VALUES(270,18,'2024-01-05 19:00:00','Levi''s® Stadium','Los Angeles Rams',NULL,NULL,'San Francisco 49ers');
INSERT INTO users_match VALUES(271,18,'2024-01-05 19:00:00','Nissan Stadium','Jacksonville Jaguars',NULL,NULL,'Tennessee Titans');
INSERT INTO users_match VALUES(272,18,'2024-01-05 19:00:00','FedExField','Dallas Cowboys',NULL,NULL,'Washington Commanders');
CREATE TABLE IF NOT EXISTS "users_team" ("name" varchar(50) NOT NULL PRIMARY KEY, "logo" varchar(100) NULL, "short_name" text NULL);
INSERT INTO users_team VALUES('Kansas City Chiefs','kc.png','KC');
INSERT INTO users_team VALUES('Detroit Lions','det.png','DET');
INSERT INTO users_team VALUES('Atlanta Falcons','atl.png','ATL');
INSERT INTO users_team VALUES('Carolina Panthers','car.png','CAR');
INSERT INTO users_team VALUES('Baltimore Ravens','bal.png','BAL');
INSERT INTO users_team VALUES('Houston Texans','hou.png','HOU');
INSERT INTO users_team VALUES('Cleveland Browns','cle.png','CLE');
INSERT INTO users_team VALUES('Cincinnati Bengals','cin.png','CIN');
INSERT INTO users_team VALUES('Indianapolis Colts','ind.png','IND');
INSERT INTO users_team VALUES('Jacksonville Jaguars','jax.png','JAX');
INSERT INTO users_team VALUES('Minnesota Vikings','min.png','MIN');
INSERT INTO users_team VALUES('Tampa Bay Buccaneers','tb.png','TB');
INSERT INTO users_team VALUES('New Orleans Saints','no.png','NO');
INSERT INTO users_team VALUES('Tennessee Titans','ten.png','TEN');
INSERT INTO users_team VALUES('Pittsburgh Steelers','pit.png','PIT');
INSERT INTO users_team VALUES('San Francisco 49ers','sf.png','SF');
INSERT INTO users_team VALUES('Washington Commanders','was.png','WAS');
INSERT INTO users_team VALUES('Arizona Cardinals','az.png','ARI');
INSERT INTO users_team VALUES('Chicago Bears','chi.png','CHI');
INSERT INTO users_team VALUES('Green Bay Packers','gb.png','GB');
INSERT INTO users_team VALUES('Denver Broncos','den.png','DEN');
INSERT INTO users_team VALUES('Las Vegas Raiders','lv.png','LV');
INSERT INTO users_team VALUES('Los Angeles Chargers','lac.png','LAC');
INSERT INTO users_team VALUES('Miami Dolphins','mia.png','MIA');
INSERT INTO users_team VALUES('New England Patriots','ne.png','NE');
INSERT INTO users_team VALUES('Philadelphia Eagles','phi.png','PHI');
INSERT INTO users_team VALUES('Seattle Seahawks','sea.png','SEA');
INSERT INTO users_team VALUES('Los Angeles Rams','lar.png','LAR');
INSERT INTO users_team VALUES('New York Giants','nyg.png','NYG');
INSERT INTO users_team VALUES('Dallas Cowboys','dal.png','DAL');
INSERT INTO users_team VALUES('New York Jets','nyj.png','NYJ');
INSERT INTO users_team VALUES('Buffalo Bills','buf.png','BUF');
CREATE TABLE IF NOT EXISTS "users_customuser" ("id" integer NOT NULL PRIMARY KEY AUTOINCREMENT, "password" varchar(128) NOT NULL, "last_login" datetime NULL, "is_superuser" bool NOT NULL, "username" varchar(150) NOT NULL UNIQUE, "first_name" varchar(30) NOT NULL, "last_name" varchar(150) NOT NULL, "email" varchar(254) NOT NULL, "is_staff" bool NOT NULL, "is_active" bool NOT NULL, "date_joined" datetime NOT NULL, "favorite_team_id" varchar(50) NULL REFERENCES "users_team" ("name") DEFERRABLE INITIALLY DEFERRED);
INSERT INTO users_customuser VALUES(3,'pbkdf2_sha256$180000$9ljh462V7fnN$OvSRsEmCWiIQhOA/9uwRMAcBV7bBSzoHnkqrzTwqdnA=','2023-08-30 20:15:14.082352',1,'admin','','','',1,1,'2023-08-14 18:39:59.997771','Arizona Cardinals');
DELETE FROM sqlite_sequence;
INSERT INTO sqlite_sequence VALUES('django_migrations',33);
INSERT INTO sqlite_sequence VALUES('django_content_type',9);
INSERT INTO sqlite_sequence VALUES('auth_permission',40);
INSERT INTO sqlite_sequence VALUES('auth_group',0);
INSERT INTO sqlite_sequence VALUES('django_admin_log',3);
INSERT INTO sqlite_sequence VALUES('users_bet',817);
INSERT INTO sqlite_sequence VALUES('users_customuser',5);
CREATE UNIQUE INDEX "django_content_type_app_label_model_76bd3d3b_uniq" ON "django_content_type" ("app_label", "model");
CREATE UNIQUE INDEX "auth_group_permissions_group_id_permission_id_0cd325b0_uniq" ON "auth_group_permissions" ("group_id", "permission_id");
CREATE INDEX "auth_group_permissions_group_id_b120cbf9" ON "auth_group_permissions" ("group_id");
CREATE INDEX "auth_group_permissions_permission_id_84c5c92e" ON "auth_group_permissions" ("permission_id");
CREATE UNIQUE INDEX "auth_permission_content_type_id_codename_01ab375a_uniq" ON "auth_permission" ("content_type_id", "codename");
CREATE INDEX "auth_permission_content_type_id_2f476e4b" ON "auth_permission" ("content_type_id");
CREATE UNIQUE INDEX "users_customuser_groups_customuser_id_group_id_76b619e3_uniq" ON "users_customuser_groups" ("customuser_id", "group_id");
CREATE INDEX "users_customuser_groups_customuser_id_958147bf" ON "users_customuser_groups" ("customuser_id");
CREATE INDEX "users_customuser_groups_group_id_01390b14" ON "users_customuser_groups" ("group_id");
CREATE UNIQUE INDEX "users_customuser_user_permissions_customuser_id_permission_id_7a7debf6_uniq" ON "users_customuser_user_permissions" ("customuser_id", "permission_id");
CREATE INDEX "users_customuser_user_permissions_customuser_id_5771478b" ON "users_customuser_user_permissions" ("customuser_id");
CREATE INDEX "users_customuser_user_permissions_permission_id_baaa2f74" ON "users_customuser_user_permissions" ("permission_id");
CREATE INDEX "django_admin_log_content_type_id_c4bce8eb" ON "django_admin_log" ("content_type_id");
CREATE INDEX "django_admin_log_user_id_c564eba6" ON "django_admin_log" ("user_id");
CREATE INDEX "django_session_expire_date_a5c62663" ON "django_session" ("expire_date");
CREATE INDEX "users_bet_match_id_a8900f0e" ON "users_bet" ("match_id");
CREATE INDEX "users_bet_user_id_99138607" ON "users_bet" ("user_id");
CREATE INDEX "users_match_away_team_id_cafc2166" ON "users_match" ("away_team_id");
CREATE INDEX "users_match_home_team_id_afa6006a" ON "users_match" ("home_team_id");
CREATE INDEX "users_customuser_favorite_team_id_a8e3f82f" ON "users_customuser" ("favorite_team_id");
COMMIT;
